,Name,Country,lat,long,Real Lat,Real Long,Max temp,Humidity,Cloudiness,Wind Speed,Date Rec
0,lezajsk,pl,50.36,22.28,50.26,22.42,48.2,76.0,100.0,11.41,1603043626
2,burla,ru,53.1,78.14,21.5,83.87,77.72,82.0,100.0,1.63,1603043626
3,east london,za,-72.97,50.18,-33.02,27.91,62.6,72.0,50.0,10.29,1603043626
4,bredasdorp,za,-72.42,22.52,-34.53,20.04,62.6,72.0,66.0,5.82,1603043626
5,dikson,ru,88.25,91.17,73.51,80.55,26.53,89.0,81.0,29.82,1603043626
6,bluff,nz,-63.3,165.7,-46.6,168.33,46.99,93.0,100.0,2.8,1603043626
7,atuona,pf,-11.46,-130.6,-9.8,-139.03,77.9,77.0,13.0,18.05,1603043626
8,saskylakh,ru,70.38,115.78,71.92,114.08,19.09,97.0,97.0,5.64,1603043626
9,jamestown,sh,-12.41,-6.43,42.1,-79.24,59.0,43.0,1.0,13.87,1603043627
11,saint-philippe,re,-51.4,67.28,-21.36,55.77,73.4,69.0,29.0,5.82,1603043627
13,fairbanks,us,72.63,-145.38,64.84,-147.72,16.0,78.0,75.0,4.7,1603043490
14,norman wells,ca,86.9,-116.84,65.28,-126.83,6.8,92.0,40.0,5.82,1603043627
15,busselton,au,-57.29,87.48,-33.65,115.33,60.01,50.0,3.0,9.48,1603043627
16,indianola,us,41.18,-93.5,41.36,-93.56,42.8,69.0,90.0,10.29,1603043627
17,muros,es,45.0,-13.31,42.78,-9.06,64.99,79.0,99.0,3.89,1603043627
18,atuona,pf,-4.98,-128.89,-9.8,-139.03,77.9,77.0,13.0,18.05,1603043626
20,teguldet,ru,58.51,88.92,57.31,88.17,31.48,92.0,83.0,14.61,1603043627
21,coquimbo,cl,-28.31,-75.63,-29.95,-71.34,57.2,82.0,75.0,10.29,1603043627
22,hithadhoo,mv,-3.31,65.84,-0.6,73.08,83.57,77.0,100.0,16.06,1603043627
23,mataura,pf,-79.14,-147.93,-46.19,168.86,46.99,93.0,100.0,1.01,1603043627
24,punta arenas,cl,-71.55,-92.62,-53.15,-70.92,46.4,65.0,75.0,24.16,1603043525
25,aksu,kz,42.7,69.74,41.12,80.26,51.26,43.0,0.0,2.33,1603043628
26,cape town,za,-61.01,-14.87,-33.93,18.42,63.0,72.0,20.0,14.99,1603043340
27,kavaratti,in,9.02,73.94,10.57,72.64,81.25,78.0,1.0,10.94,1603043628
28,fort nelson,ca,59.25,-122.44,58.81,-122.7,12.2,78.0,5.0,5.82,1603043628
29,saint simons,us,31.07,-81.23,31.14,-81.39,73.4,78.0,90.0,12.75,1603043628
30,punta arenas,cl,-61.37,-89.68,-53.15,-70.92,46.4,65.0,75.0,24.16,1603043525
31,cherskiy,ru,67.79,162.61,68.75,161.3,19.45,92.0,80.0,7.78,1603043628
32,taoudenni,ml,26.0,-4.05,22.68,-3.98,89.76,16.0,0.0,8.05,1603043628
33,hobart,au,-75.31,149.72,-42.88,147.33,48.2,70.0,40.0,5.82,1603043555
34,avarua,ck,-30.49,-161.73,-21.21,-159.78,73.4,83.0,81.0,5.82,1603043628
35,barrow,us,75.4,-154.2,71.29,-156.79,21.2,79.0,75.0,14.99,1603043402
37,havelock,us,33.45,-76.48,34.88,-76.9,75.99,77.0,18.0,8.14,1603043628
38,norman wells,ca,62.79,-129.35,65.28,-126.83,6.8,92.0,40.0,5.82,1603043627
39,hermanus,za,-78.42,-6.38,-34.42,19.23,62.01,76.0,61.0,5.08,1603043629
40,longyearbyen,sj,89.9,23.68,78.22,15.64,26.6,79.0,40.0,11.41,1603043629
41,hithadhoo,mv,-22.21,85.0,-0.6,73.08,83.57,77.0,100.0,16.06,1603043627
42,riyadh,sa,24.63,46.36,24.69,46.72,77.0,22.0,0.0,3.36,1603043531
43,las vegas,us,35.55,-105.44,36.17,-115.14,82.0,13.0,1.0,3.02,1603043223
44,victoria,sc,-8.26,55.67,22.29,114.16,75.0,78.0,72.0,14.88,1603043374
45,georgetown,sh,-14.41,-23.89,5.41,100.34,82.4,88.0,20.0,6.06,1603043629
46,kodiak,us,44.2,-145.5,57.79,-152.41,42.8,75.0,75.0,7.14,1603043629
47,longyearbyen,sj,80.57,17.68,78.22,15.64,26.6,79.0,40.0,11.41,1603043629
48,avarua,ck,-22.89,-161.87,-21.21,-159.78,73.4,83.0,81.0,5.82,1603043628
49,broome,au,-22.51,124.58,42.25,-75.83,59.0,32.0,1.0,16.11,1603043629
50,tarauaca,br,-9.64,-71.24,-8.16,-70.77,85.59,60.0,63.0,4.34,1603043550
51,krasnoselkup,ru,66.01,83.8,65.7,82.47,17.06,96.0,100.0,18.54,1603043629
52,puerto ayora,ec,-3.65,-107.17,-0.74,-90.35,77.0,73.0,75.0,16.11,1603043629
53,east london,za,-55.9,44.1,-33.02,27.91,62.6,72.0,50.0,10.29,1603043626
54,bredasdorp,za,-62.34,20.6,-34.53,20.04,62.6,72.0,66.0,5.82,1603043626
55,vaini,to,-43.87,-176.23,-21.2,-175.2,69.8,88.0,75.0,10.29,1603043630
56,atuona,pf,-8.35,-126.37,-9.8,-139.03,77.9,77.0,13.0,18.05,1603043626
57,general roca,ar,-37.18,-66.42,-39.03,-67.58,73.4,23.0,0.0,5.82,1603043630
58,butaritari,ki,8.28,176.87,3.07,172.79,81.68,72.0,95.0,17.56,1603043630
59,ugoofaaru,mv,5.35,65.54,5.67,73.0,82.54,77.0,86.0,10.71,1603043630
60,barrow,us,78.36,-151.99,71.29,-156.79,21.2,79.0,75.0,14.99,1603043402
61,bredasdorp,za,-82.71,25.38,-34.53,20.04,62.6,72.0,66.0,5.82,1603043626
62,vaini,to,-22.73,-173.02,-21.2,-175.2,69.8,88.0,75.0,10.29,1603043630
63,matehuala,mx,23.41,-100.53,23.65,-100.65,76.93,30.0,1.0,2.44,1603043630
65,ternate,id,3.18,130.22,0.8,127.4,81.46,76.0,100.0,8.57,1603043630
66,aklavik,ca,77.28,-139.56,68.22,-135.01,8.6,92.0,20.0,3.36,1603043630
67,saint george,bm,34.02,-59.58,37.1,-113.58,64.4,17.0,1.0,2.68,1603043630
68,patiya,bd,21.7,91.84,22.29,91.98,77.2,89.0,49.0,3.15,1603043630
69,saint-philippe,re,-66.0,76.22,-21.36,55.77,73.4,69.0,29.0,5.82,1603043627
70,albany,au,-61.1,114.26,42.6,-73.97,61.0,35.0,93.0,4.0,1603043403
71,ilulissat,gl,89.56,-39.38,69.22,-51.1,39.2,60.0,99.0,12.75,1603043631
72,norman wells,ca,60.23,-129.03,65.28,-126.83,6.8,92.0,40.0,5.82,1603043627
73,hobart,au,-49.55,151.59,-42.88,147.33,48.2,70.0,40.0,5.82,1603043555
74,avarua,ck,-35.38,-157.95,-21.21,-159.78,73.4,83.0,81.0,5.82,1603043628
75,balkhash,kz,45.9,74.99,46.84,74.98,50.11,62.0,0.0,13.47,1603043631
76,bayan,kw,28.34,48.15,46.08,127.4,42.01,39.0,0.0,6.15,1603043350
77,seoul,kr,39.11,126.43,37.57,126.98,50.0,100.0,1.0,1.07,1603043423
78,busselton,au,-67.66,81.66,-33.65,115.33,60.01,50.0,3.0,9.48,1603043627
79,lasa,cn,30.2,93.08,46.62,10.7,48.0,65.0,5.0,0.76,1603043631
80,flin flon,ca,57.91,-102.14,54.77,-101.86,30.2,80.0,90.0,9.17,1603043631
81,asbestos,ca,45.9,-71.74,45.77,-71.93,57.2,52.0,20.0,10.29,1603043631
82,ponta do sol,cv,23.12,-28.68,32.67,-17.1,73.4,83.0,75.0,20.8,1603043631
83,half moon bay,us,30.43,-136.28,37.46,-122.43,77.0,72.0,5.0,6.93,1603043631
84,barrow,us,70.49,-159.13,71.29,-156.79,21.2,79.0,75.0,14.99,1603043402
85,mayor pablo lagerenza,py,-20.66,-60.14,-19.93,-60.77,102.2,24.0,28.0,10.76,1603043632
86,christchurch,nz,-50.69,179.22,-43.53,172.63,52.0,100.0,97.0,3.36,1603043632
87,pevek,ru,71.82,169.05,69.7,170.31,23.54,94.0,46.0,16.84,1603043632
88,mataura,pf,-77.87,-153.4,-46.19,168.86,46.99,93.0,100.0,1.01,1603043627
90,mangrol,in,14.75,64.28,21.12,70.12,82.29,84.0,14.0,8.75,1603043632
91,cape town,za,-59.3,-3.67,-33.93,18.42,63.0,72.0,20.0,14.99,1603043340
92,atuona,pf,-3.12,-130.31,-9.8,-139.03,77.9,77.0,13.0,18.05,1603043626
93,kapaa,us,37.86,-173.4,22.08,-159.32,78.8,88.0,75.0,8.05,1603043632
94,samarai,pg,-11.22,150.01,-10.62,150.67,79.11,88.0,83.0,7.63,1603043632
96,rikitea,pf,-73.99,-128.04,-23.12,-134.97,74.89,79.0,68.0,21.18,1603043632
97,atuona,pf,-11.03,-142.75,-9.8,-139.03,77.9,77.0,13.0,18.05,1603043626
98,oranjemund,na,-32.59,10.36,-28.55,16.43,59.86,77.0,0.0,14.7,1603043631
99,mataura,pf,-84.1,-161.71,-46.19,168.86,46.99,93.0,100.0,1.01,1603043627
100,teloloapan,mx,18.52,-99.79,18.35,-99.85,82.99,47.0,61.0,2.91,1603043633
101,kudahuvadhoo,mv,2.29,69.06,2.67,72.89,83.12,77.0,37.0,14.12,1603043633
102,hilo,us,10.11,-148.56,19.73,-155.09,73.4,69.0,75.0,5.82,1603043463
104,kapaa,us,10.57,-177.15,22.08,-159.32,78.8,88.0,75.0,8.05,1603043632
105,yaan,cn,29.66,101.54,7.38,8.57,76.93,83.0,57.0,2.53,1603043633
106,albany,au,-53.57,117.78,42.6,-73.97,61.0,35.0,93.0,4.0,1603043403
107,cabedelo,br,-6.62,-30.59,-6.98,-34.83,86.0,55.0,40.0,14.99,1603043633
108,rikitea,pf,-68.05,-129.72,-23.12,-134.97,74.89,79.0,68.0,21.18,1603043632
109,vila franca do campo,pt,44.59,-19.14,37.72,-25.43,62.6,59.0,20.0,14.99,1603043633
110,adrar,dz,26.78,1.16,20.5,-10.07,94.62,16.0,1.0,11.7,1603043633
111,soligalich,ru,59.36,42.09,59.08,42.29,41.54,95.0,100.0,6.8,1603043633
112,sarangani,ph,3.6,127.52,5.4,125.46,81.86,79.0,100.0,10.31,1603043633
113,saint-philippe,re,-47.46,65.27,-21.36,55.77,73.4,69.0,29.0,5.82,1603043627
114,ponta do sol,cv,16.68,-38.87,32.67,-17.1,73.4,83.0,75.0,20.8,1603043631
115,yellowknife,ca,87.14,-105.92,62.46,-114.35,28.0,92.0,90.0,6.93,1603043547
116,sorland,no,70.44,8.29,67.67,12.69,42.8,70.0,40.0,17.22,1603043634
117,chirongui,yt,-13.82,44.78,-12.93,45.15,78.8,78.0,35.0,8.05,1603043634
118,tarauaca,br,-8.39,-71.0,-8.16,-70.77,85.59,60.0,63.0,4.34,1603043550
119,dudinka,ru,71.78,85.75,69.41,86.18,17.6,85.0,90.0,6.71,1603043634
120,tilichiki,ru,60.37,171.4,60.47,166.1,34.3,88.0,91.0,7.54,1603043634
121,pangnirtung,ca,66.04,-62.13,66.15,-65.71,48.2,81.0,90.0,17.22,1603043634
122,padang,id,-8.48,90.58,-0.95,100.35,78.46,77.0,94.0,3.38,1603043526
123,atar,mr,20.93,-9.12,20.52,-13.05,97.09,17.0,1.0,10.02,1603043634
124,udachnyy,ru,68.41,112.87,66.42,112.4,10.4,92.0,75.0,2.24,1603043634
125,bambous virieux,mu,-33.32,83.79,-20.34,57.76,75.2,69.0,40.0,8.05,1603043634
126,faya,td,22.3,18.27,18.39,42.45,69.8,13.0,0.0,9.17,1603043634
127,cape town,za,-59.22,2.23,-33.93,18.42,63.0,72.0,20.0,14.99,1603043340
128,obsharovka,ru,52.99,48.97,53.12,48.85,59.13,65.0,93.0,15.77,1603043634
129,manjeshwar,in,12.15,73.98,12.72,74.89,78.8,88.0,20.0,2.55,1603043635
130,batagay-alyta,ru,70.25,131.13,67.8,130.41,15.55,88.0,100.0,3.91,1603043635
131,labuhan,id,-10.55,100.3,-6.88,112.21,79.29,79.0,55.0,7.45,1603043635
133,huilong,cn,32.84,124.63,31.81,121.66,64.0,73.0,94.0,6.76,1603043635
135,klaksvik,fo,70.3,-1.75,62.23,-6.59,39.2,93.0,100.0,5.82,1603043635
136,kununurra,au,-15.02,128.58,-15.77,128.73,82.4,83.0,46.0,5.82,1603043635
137,esperance,au,-37.82,126.2,-33.87,121.9,55.4,87.0,85.0,10.29,1603043635
138,autazes,br,-3.43,-58.94,-3.58,-59.13,97.34,38.0,83.0,3.62,1603043635
139,rikitea,pf,-25.35,-107.44,-23.12,-134.97,74.89,79.0,68.0,21.18,1603043632
140,phalodi,in,27.74,72.58,27.13,72.37,86.11,15.0,3.0,5.73,1603043635
142,ushuaia,ar,-84.88,-33.36,-54.8,-68.3,46.4,63.0,40.0,18.34,1603043635
143,taylorville,us,39.25,-89.26,39.55,-89.29,59.0,47.0,90.0,8.05,1603043636
144,humaita,br,-8.45,-62.07,-7.51,-63.02,100.11,36.0,91.0,0.49,1603043636
145,homer,us,58.97,-150.79,59.64,-151.55,39.99,93.0,90.0,2.15,1603043540
147,ushuaia,ar,-77.88,-59.31,-54.8,-68.3,46.4,63.0,40.0,18.34,1603043635
149,hilo,us,32.61,-141.81,19.73,-155.09,73.4,69.0,75.0,5.82,1603043463
150,sur,om,16.67,63.83,22.57,59.53,84.83,25.0,0.0,12.21,1603043633
151,yellowknife,ca,77.77,-103.95,62.46,-114.35,28.0,92.0,90.0,6.93,1603043547
152,rikitea,pf,-41.76,-114.16,-23.12,-134.97,74.89,79.0,68.0,21.18,1603043632
153,kahului,us,35.65,-149.57,20.89,-156.47,77.0,78.0,20.0,3.36,1603043585
154,hobart,au,-86.53,148.33,-42.88,147.33,48.2,70.0,40.0,5.82,1603043555
157,hilo,us,18.14,-138.35,19.73,-155.09,73.4,69.0,75.0,5.82,1603043463
159,castro,cl,-46.31,-92.61,-24.79,-50.01,71.51,67.0,100.0,7.72,1603043636
160,jamestown,sh,-19.18,-11.31,42.1,-79.24,59.0,43.0,1.0,13.87,1603043627
161,comodoro rivadavia,ar,-43.72,-69.48,-45.87,-67.5,68.0,18.0,20.0,32.21,1603043552
162,hermanus,za,-79.58,-8.45,-34.42,19.23,62.01,76.0,61.0,5.08,1603043629
163,abu dhabi,ae,24.5,52.95,24.47,54.37,86.0,51.0,0.0,11.41,1603043349
164,abnub,eg,25.98,26.67,27.27,31.15,84.2,39.0,0.0,9.17,1603043637
165,torbay,ca,47.34,-49.8,47.67,-52.73,59.0,77.0,40.0,9.17,1603043637
166,bredasdorp,za,-50.36,21.99,-34.53,20.04,62.6,72.0,66.0,5.82,1603043626
167,puerto ayora,ec,-3.02,-96.71,-0.74,-90.35,77.0,73.0,75.0,16.11,1603043629
168,lebu,cl,-37.66,-82.48,-37.62,-73.65,55.76,62.0,0.0,8.61,1603043637
169,busselton,au,-57.86,82.24,-33.65,115.33,60.01,50.0,3.0,9.48,1603043627
170,port alfred,za,-60.76,34.65,-33.59,26.89,62.62,80.0,50.0,8.25,1603043637
171,skjervoy,no,74.85,20.47,70.03,20.97,30.2,86.0,40.0,4.7,1603043637
172,namikupa,tz,-11.06,39.8,-10.83,39.6,71.02,86.0,10.0,5.06,1603043637
174,port alfred,za,-63.76,34.38,-33.59,26.89,62.62,80.0,50.0,8.25,1603043637
175,butaritari,ki,21.07,177.34,3.07,172.79,81.68,72.0,95.0,17.56,1603043630
176,talnakh,ru,69.52,91.01,69.49,88.4,17.6,85.0,90.0,6.71,1603043638
177,albany,au,-59.23,107.98,42.6,-73.97,61.0,35.0,93.0,4.0,1603043403
178,belmonte,br,-17.41,-29.59,-15.86,-38.88,78.8,69.0,75.0,9.17,1603043638
179,kodiak,us,42.08,-158.13,57.79,-152.41,42.8,75.0,75.0,7.14,1603043629
180,honiara,sb,-9.17,159.87,-9.43,159.95,78.21,77.0,51.0,4.5,1603043638
182,tiksi,ru,76.46,129.0,71.69,128.87,18.54,96.0,100.0,17.22,1603043638
183,sigmaringen,de,48.15,9.15,48.08,9.22,46.99,10.0,88.0,1.54,1603043638
184,saldanha,za,-33.56,14.57,-33.01,17.94,62.6,67.0,38.0,11.41,1603043638
185,kodiak,us,52.16,-150.75,57.79,-152.41,42.8,75.0,75.0,7.14,1603043629
187,busselton,au,-79.95,86.45,-33.65,115.33,60.01,50.0,3.0,9.48,1603043627
188,tuktoyaktuk,ca,85.5,-143.15,69.45,-133.04,10.4,92.0,20.0,5.82,1603043638
189,kapaa,us,26.42,-162.21,22.08,-159.32,78.8,88.0,75.0,8.05,1603043632
191,asau,tv,-6.59,179.63,46.43,26.4,53.6,62.0,24.0,11.41,1603043639
192,rantepao,id,-2.97,120.71,-2.97,119.9,67.26,78.0,100.0,1.57,1603043639
193,atuona,pf,-12.47,-138.79,-9.8,-139.03,77.9,77.0,13.0,18.05,1603043626
194,hilo,us,15.57,-136.61,19.73,-155.09,73.4,69.0,75.0,5.82,1603043463
195,broken hill,au,-26.79,143.14,-31.95,141.43,50.0,71.0,0.0,9.17,1603043639
196,ushuaia,ar,-81.82,-71.38,-54.8,-68.3,46.4,63.0,40.0,18.34,1603043635
197,mataura,pf,-72.94,-153.27,-46.19,168.86,46.99,93.0,100.0,1.01,1603043627
198,aviles,es,45.85,-5.83,43.55,-5.92,63.0,77.0,58.0,4.7,1603043639
199,lasa,cn,29.23,91.36,46.62,10.7,48.0,65.0,5.0,0.76,1603043631
200,bengkulu,id,-25.3,86.8,-3.8,102.27,75.63,88.0,90.0,6.33,1603043639
201,hermanus,za,-89.06,-10.94,-34.42,19.23,62.01,76.0,61.0,5.08,1603043629
203,takoradi,gh,-3.67,-0.81,4.88,-1.76,78.13,87.0,21.0,8.16,1603043639
204,mount gambier,au,-38.45,138.72,-37.83,140.77,48.2,100.0,90.0,6.93,1603043639
205,ribeira grande,pt,32.02,-34.62,38.52,-28.7,64.4,59.0,40.0,11.41,1603043639
206,dingle,ie,49.86,-18.66,11.0,122.67,76.73,90.0,100.0,5.68,1603043640
207,bethel,us,48.12,-168.96,41.37,-73.41,61.0,51.0,75.0,9.17,1603043640
208,qaanaaq,gl,87.61,-74.57,77.48,-69.36,31.84,92.0,94.0,8.59,1603043640
209,rikitea,pf,-45.75,-110.96,-23.12,-134.97,74.89,79.0,68.0,21.18,1603043632
210,saskylakh,ru,69.43,116.12,71.92,114.08,19.09,97.0,97.0,5.64,1603043626
211,barrow,us,85.52,-152.76,71.29,-156.79,21.2,79.0,75.0,14.99,1603043402
212,rawson,ar,-44.9,-65.4,-43.3,-65.1,70.77,22.0,0.0,20.42,1603043390
213,bredasdorp,za,-76.41,24.62,-34.53,20.04,62.6,72.0,66.0,5.82,1603043626
214,mataura,pf,-54.26,-146.0,-46.19,168.86,46.99,93.0,100.0,1.01,1603043627
215,port elizabeth,za,-70.02,30.78,-33.92,25.57,60.8,82.0,25.0,11.41,1603043640
216,chokwe,mz,-22.88,33.02,-24.53,32.98,86.38,32.0,0.0,7.0,1603043640
217,chincholi,in,17.55,77.55,17.47,77.43,75.81,83.0,97.0,1.79,1603043640
218,hobart,au,-71.66,151.92,-42.88,147.33,48.2,70.0,40.0,5.82,1603043555
219,thompson,ca,57.54,-99.34,55.74,-97.86,26.6,92.0,90.0,6.93,1603043641
220,suffolk,us,36.73,-76.51,40.87,-72.8,62.6,51.0,20.0,11.41,1603043402
221,harper,lr,4.14,-8.85,4.38,-7.72,78.42,88.0,74.0,7.78,1603043641
222,luderitz,na,-37.72,-2.98,-26.65,15.16,68.13,45.0,0.0,21.97,1603043641
223,capari,mk,41.02,21.13,41.06,21.18,46.31,74.0,17.0,3.76,1603043641
224,nisia floresta,br,-5.84,-34.7,-6.09,-35.21,84.2,66.0,40.0,10.29,1603043641
225,cherskiy,ru,87.34,159.48,68.75,161.3,19.45,92.0,80.0,7.78,1603043628
226,punta arenas,cl,-87.13,-124.11,-53.15,-70.92,46.4,65.0,75.0,24.16,1603043525
227,barrow,us,80.22,-167.52,71.29,-156.79,21.2,79.0,75.0,14.99,1603043402
228,adrar,dz,26.97,-3.85,20.5,-10.07,94.62,16.0,1.0,11.7,1603043633
229,mahebourg,mu,-39.99,70.44,-20.41,57.7,75.2,69.0,40.0,8.05,1603043641
230,yellowknife,ca,83.41,-97.89,62.46,-114.35,28.0,92.0,90.0,6.93,1603043547
231,huinan,cn,42.71,126.27,42.62,126.26,39.52,68.0,0.0,5.19,1603043642
232,vaini,to,-85.05,-169.74,-21.2,-175.2,69.8,88.0,75.0,10.29,1603043630
233,dudinka,ru,71.39,86.41,69.41,86.18,17.6,85.0,90.0,6.71,1603043634
234,atuona,pf,-2.22,-142.48,-9.8,-139.03,77.9,77.0,13.0,18.05,1603043626
236,georgetown,sh,-4.32,-17.68,5.41,100.34,82.4,88.0,20.0,6.06,1603043629
237,port elizabeth,za,-57.28,28.3,-33.92,25.57,60.8,82.0,25.0,11.41,1603043640
238,cherskiy,ru,72.23,159.17,68.75,161.3,19.45,92.0,80.0,7.78,1603043628
239,lebu,cl,-32.73,-92.3,-37.62,-73.65,55.76,62.0,0.0,8.61,1603043637
240,bredasdorp,za,-71.88,17.71,-34.53,20.04,62.6,72.0,66.0,5.82,1603043626
241,balabac,ph,8.6,116.37,7.99,117.06,81.72,80.0,82.0,10.65,1603043642
242,te horo,nz,-40.49,174.8,-40.81,175.12,55.0,94.0,100.0,11.63,1603043642
243,rockland,us,43.6,-68.86,41.17,-74.05,64.0,57.0,76.0,1.01,1603043643
244,bethel,us,46.54,-169.57,41.37,-73.41,61.0,51.0,75.0,9.17,1603043640
245,puerto ayora,ec,-24.3,-100.08,-0.74,-90.35,77.0,73.0,75.0,16.11,1603043629
246,mataura,pf,-70.38,-150.72,-46.19,168.86,46.99,93.0,100.0,1.01,1603043627
247,cherskiy,ru,70.59,158.82,68.75,161.3,19.45,92.0,80.0,7.78,1603043628
248,punta arenas,cl,-88.73,-113.03,-53.15,-70.92,46.4,65.0,75.0,24.16,1603043525
249,vaini,to,-55.71,-172.68,-21.2,-175.2,69.8,88.0,75.0,10.29,1603043630
251,dunedin,nz,-52.5,175.39,-45.87,170.5,48.99,91.0,100.0,1.23,1603043643
252,lima,pe,-13.94,-79.66,-12.04,-77.03,66.2,68.0,90.0,4.7,1603043468
253,goderich,sl,7.19,-17.54,43.75,-81.72,51.01,86.0,100.0,22.32,1603043582
254,bluff,nz,-85.96,169.37,-46.6,168.33,46.99,93.0,100.0,2.8,1603043626
255,iqaluit,ca,58.16,-74.48,63.75,-68.51,32.0,98.0,90.0,10.29,1603043643
256,hermanus,za,-64.67,3.29,-34.42,19.23,62.01,76.0,61.0,5.08,1603043629
257,ushuaia,ar,-75.52,-71.38,-54.8,-68.3,46.4,63.0,40.0,18.34,1603043635
258,qaanaaq,gl,86.31,-97.19,77.48,-69.36,31.84,92.0,94.0,8.59,1603043640
260,luwuk,id,-0.96,124.27,-0.95,122.79,77.14,77.0,99.0,3.96,1603043644
261,qaanaaq,gl,72.15,-86.41,77.48,-69.36,31.84,92.0,94.0,8.59,1603043640
262,makaha,us,21.45,-158.63,21.47,-158.22,78.01,100.0,90.0,6.93,1603043644
263,rikitea,pf,-69.78,-125.77,-23.12,-134.97,74.89,79.0,68.0,21.18,1603043632
264,bluff,nz,-89.37,174.82,-46.6,168.33,46.99,93.0,100.0,2.8,1603043626
265,krasnoarmeysk,kz,53.25,69.12,51.02,45.7,59.0,73.0,66.0,1.01,1603043644
266,upernavik,gl,75.71,-62.22,72.79,-56.15,33.33,90.0,33.0,9.04,1603043644
267,albany,au,-86.35,95.17,42.6,-73.97,61.0,35.0,93.0,4.0,1603043403
268,new norfolk,au,-76.82,128.26,-42.78,147.06,48.2,76.0,75.0,6.93,1603043412
269,kirakira,sb,-9.29,163.47,-10.45,161.92,79.38,82.0,91.0,7.23,1603043644
270,mataura,pf,-49.92,-158.67,-46.19,168.86,46.99,93.0,100.0,1.01,1603043627
271,saint george,bm,35.12,-59.47,37.1,-113.58,64.4,17.0,1.0,2.68,1603043630
272,cape town,za,-50.26,-4.53,-33.93,18.42,63.0,72.0,20.0,14.99,1603043340
273,lagos,pt,35.55,-10.82,6.58,3.75,86.0,74.0,20.0,6.93,1603043355
274,albany,au,-81.77,111.02,42.6,-73.97,61.0,35.0,93.0,4.0,1603043403
275,kudahuvadhoo,mv,2.39,72.11,2.67,72.89,83.12,77.0,37.0,14.12,1603043633
276,mar del plata,ar,-50.5,-52.25,-38.0,-57.56,78.8,74.0,55.0,6.93,1603043645
277,carroll,us,42.09,-94.78,39.55,-77.02,63.0,52.0,55.0,1.01,1603043645
279,rikitea,pf,-23.34,-130.5,-23.12,-134.97,74.89,79.0,68.0,21.18,1603043632
280,mendoza,ar,-32.64,-69.12,-32.89,-68.83,87.8,14.0,0.0,12.75,1603043645
281,hilo,us,22.88,-138.11,19.73,-155.09,73.4,69.0,75.0,5.82,1603043463
282,punta arenas,cl,-65.54,-89.83,-53.15,-70.92,46.4,65.0,75.0,24.16,1603043525
283,ribeira grande,pt,37.41,-41.59,38.52,-28.7,64.4,59.0,40.0,11.41,1603043639
284,east london,za,-52.16,45.38,-33.02,27.91,62.6,72.0,50.0,10.29,1603043626
285,radebeul,de,51.16,13.64,51.11,13.66,48.2,76.0,75.0,8.05,1603043646
286,punta arenas,cl,-87.87,-100.69,-53.15,-70.92,46.4,65.0,75.0,24.16,1603043525
287,antofagasta,cl,-24.29,-71.82,-23.65,-70.4,60.8,77.0,90.0,9.17,1603043552
288,bambous virieux,mu,-34.81,79.15,-20.34,57.76,75.2,69.0,40.0,8.05,1603043634
289,provideniya,ru,56.43,-177.67,64.38,-173.3,33.69,91.0,61.0,4.94,1603043646
290,hithadhoo,mv,-8.22,73.73,-0.6,73.08,83.57,77.0,100.0,16.06,1603043627
291,sandwick,gb,59.52,-1.43,60.0,-1.25,42.8,75.0,75.0,1.12,1603043646
292,dikson,ru,82.57,87.66,73.51,80.55,26.53,89.0,81.0,29.82,1603043626
293,vaini,to,-86.08,-172.29,-21.2,-175.2,69.8,88.0,75.0,10.29,1603043630
294,bluff,nz,-51.17,165.27,-46.6,168.33,46.99,93.0,100.0,2.8,1603043626
295,ancud,cl,-42.0,-79.53,-41.87,-73.82,52.0,87.0,90.0,20.8,1603043646
296,mataura,pf,-67.97,-161.77,-46.19,168.86,46.99,93.0,100.0,1.01,1603043627
297,hermanus,za,-75.84,7.13,-34.42,19.23,62.01,76.0,61.0,5.08,1603043629
298,ostroh,ua,50.2,26.36,50.33,26.51,44.73,79.0,86.0,13.62,1603043647
299,matay,eg,28.74,28.51,28.42,30.78,80.17,36.0,0.0,12.86,1603043647
300,nome,us,64.11,-166.71,64.5,-165.41,39.2,86.0,90.0,10.29,1603043372
301,cape town,za,-36.93,15.5,-33.93,18.42,63.0,72.0,20.0,14.99,1603043340
302,khatanga,ru,73.55,102.4,71.97,102.5,7.25,86.0,11.0,8.16,1603043647
303,busselton,au,-52.34,88.76,-33.65,115.33,60.01,50.0,3.0,9.48,1603043627
304,ushuaia,ar,-64.4,-65.95,-54.8,-68.3,46.4,63.0,40.0,18.34,1603043635
305,ucluelet,ca,47.62,-127.89,48.93,-125.55,54.0,100.0,75.0,2.24,1603043354
306,saskylakh,ru,73.56,116.96,71.92,114.08,19.09,97.0,97.0,5.64,1603043626
307,saint-leu,re,-23.37,52.08,-21.15,55.28,73.4,69.0,22.0,5.82,1603043647
308,hilo,us,27.83,-147.8,19.73,-155.09,73.4,69.0,75.0,5.82,1603043463
309,saint-augustin,ca,57.0,-59.97,51.23,-58.65,56.16,46.0,25.0,12.24,1603043647
310,khatanga,ru,78.73,95.07,71.97,102.5,7.25,86.0,11.0,8.16,1603043647
311,jacksonville,us,34.1,-85.62,30.33,-81.66,82.99,69.0,75.0,16.11,1603043518
312,hilo,us,6.4,-152.81,19.73,-155.09,73.4,69.0,75.0,5.82,1603043463
313,jamestown,sh,-15.22,-2.03,42.1,-79.24,59.0,43.0,1.0,13.87,1603043627
314,east london,za,-56.01,41.68,-33.02,27.91,62.6,72.0,50.0,10.29,1603043626
315,albany,au,-50.99,117.14,42.6,-73.97,61.0,35.0,93.0,4.0,1603043403
316,viransehir,tr,36.65,39.36,37.24,39.76,66.33,27.0,23.0,2.21,1603043648
317,fjellstrand,no,59.82,10.65,59.8,10.62,43.0,45.0,1.0,5.01,1603043648
318,methoni,gr,34.95,21.59,36.82,21.7,69.01,68.0,40.0,5.82,1603043648
319,yulara,au,-26.97,126.46,-25.24,130.99,68.0,88.0,90.0,14.99,1603043648
320,puksoozero,ru,62.49,41.54,62.59,40.61,31.03,99.0,100.0,7.87,1603043547
321,forio,it,39.98,13.11,40.73,13.86,62.6,63.0,40.0,3.36,1603043648
322,busselton,au,-40.8,103.52,-33.65,115.33,60.01,50.0,3.0,9.48,1603043627
323,aswan,eg,21.77,31.97,24.09,32.91,88.77,15.0,0.0,11.43,1603043648
324,merrydale,us,30.44,-91.08,30.5,-91.11,82.0,57.0,75.0,10.29,1603043649
325,alyangula,au,-14.23,140.76,-13.85,136.42,71.6,100.0,92.0,2.17,1603043649
326,punta arenas,cl,-70.53,-104.72,-53.15,-70.92,46.4,65.0,75.0,24.16,1603043525
327,mataura,pf,-64.61,-158.28,-46.19,168.86,46.99,93.0,100.0,1.01,1603043627
328,punta arenas,cl,-54.54,-85.17,-53.15,-70.92,46.4,65.0,75.0,24.16,1603043525
329,port alfred,za,-84.0,43.78,-33.59,26.89,62.62,80.0,50.0,8.25,1603043637
330,khorramshahr,ir,30.4,46.68,30.44,48.17,78.8,31.0,0.0,4.7,1603043649
331,khatanga,ru,74.82,99.04,71.97,102.5,7.25,86.0,11.0,8.16,1603043647
332,hobart,au,-65.11,150.0,-42.88,147.33,48.2,70.0,40.0,5.82,1603043555
333,rikitea,pf,-76.53,-130.05,-23.12,-134.97,74.89,79.0,68.0,21.18,1603043632
334,kamenka,ru,66.73,42.89,51.32,42.77,54.0,68.0,12.0,10.18,1603043649
336,bluff,nz,-85.93,155.26,-46.6,168.33,46.99,93.0,100.0,2.8,1603043626
337,bengkulu,id,-12.76,95.54,-3.8,102.27,75.63,88.0,90.0,6.33,1603043639
338,bonavista,ca,49.95,-51.33,48.65,-53.11,51.01,80.0,48.0,3.0,1603043650
340,isangel,vu,-20.08,168.45,-19.55,169.27,70.61,71.0,8.0,5.57,1603043650
341,skjervoy,no,73.08,21.04,70.03,20.97,30.2,86.0,40.0,4.7,1603043637
342,hithadhoo,mv,-4.29,74.44,-0.6,73.08,83.57,77.0,100.0,16.06,1603043627
343,novopokrovskaya,ru,46.0,40.71,45.95,40.7,66.0,75.0,99.0,14.52,1603043650
344,flinders,au,-31.72,130.52,-34.58,150.86,59.0,83.0,71.0,1.99,1603043650
345,vredendal,za,-31.7,19.12,-31.67,18.5,61.92,66.0,30.0,15.84,1603043650
347,coihaique,cl,-50.29,-78.19,-45.58,-72.07,44.6,75.0,90.0,8.05,1603043453
348,shaowu,cn,26.8,117.58,27.34,117.48,60.57,88.0,96.0,1.9,1603043651
349,klaksvik,fo,74.7,-1.46,62.23,-6.59,39.2,93.0,100.0,5.82,1603043635
350,punta arenas,cl,-72.83,-90.15,-53.15,-70.92,46.4,65.0,75.0,24.16,1603043525
351,waipawa,nz,-42.78,177.7,-41.41,175.52,55.4,82.0,100.0,25.28,1603043651
352,bethel,us,64.94,-161.09,41.37,-73.41,61.0,51.0,75.0,9.17,1603043640
353,comodoro rivadavia,ar,-46.89,-65.32,-45.87,-67.5,68.0,18.0,20.0,32.21,1603043552
354,easton,us,38.98,-76.04,40.69,-75.22,64.0,41.0,1.0,10.29,1603043651
355,alta floresta,br,-9.12,-55.71,-9.88,-56.09,97.66,29.0,64.0,1.25,1603043651
357,albany,au,-76.55,95.98,42.6,-73.97,61.0,35.0,93.0,4.0,1603043403
358,tutoia,br,-1.35,-42.4,-2.76,-42.27,84.49,63.0,100.0,14.12,1603043651
359,new norfolk,au,-46.69,141.66,-42.78,147.06,48.2,76.0,75.0,6.93,1603043412
360,georgetown,gy,9.26,-57.05,5.41,100.34,82.4,88.0,20.0,6.06,1603043629
361,portland,au,-47.23,138.5,45.52,-122.68,61.0,62.0,90.0,4.7,1603043360
362,ushuaia,ar,-66.87,-49.28,-54.8,-68.3,46.4,63.0,40.0,18.34,1603043635
363,yellowknife,ca,84.78,-108.13,62.46,-114.35,28.0,92.0,90.0,6.93,1603043547
364,punta arenas,cl,-74.23,-96.02,-53.15,-70.92,46.4,65.0,75.0,24.16,1603043525
365,kaitangata,nz,-67.94,177.29,-46.28,169.85,48.99,91.0,100.0,1.77,1603043652
366,barrow,us,66.75,-158.04,71.29,-156.79,21.2,79.0,75.0,14.99,1603043402
367,provideniya,ru,51.93,-175.41,64.38,-173.3,33.69,91.0,61.0,4.94,1603043646
368,abu zabad,sd,12.71,28.97,12.35,29.25,86.14,31.0,9.0,6.87,1603043652
369,rikitea,pf,-43.36,-112.85,-23.12,-134.97,74.89,79.0,68.0,21.18,1603043632
370,busselton,au,-33.71,100.71,-33.65,115.33,60.01,50.0,3.0,9.48,1603043627
371,huarmey,pe,-14.39,-85.73,-10.07,-78.15,69.91,63.0,47.0,10.65,1603043652
372,pisco,pe,-21.13,-89.03,-13.7,-76.22,66.0,82.0,90.0,6.93,1603043653
373,ushuaia,ar,-82.41,-31.62,-54.8,-68.3,46.4,63.0,40.0,18.34,1603043635
374,chokurdakh,ru,74.32,151.85,70.63,147.92,19.71,98.0,94.0,7.18,1603043653
375,tuatapere,nz,-47.52,158.99,-46.13,167.68,46.99,93.0,100.0,1.36,1603043653
376,kodiak,us,41.2,-156.47,57.79,-152.41,42.8,75.0,75.0,7.14,1603043629
377,clyde river,ca,69.33,-68.32,70.47,-68.59,21.2,85.0,20.0,4.7,1603043653
378,shenjiamen,cn,29.26,125.23,29.96,122.3,66.2,61.0,98.0,10.38,1603043653
379,ribeira grande,pt,42.0,-36.58,38.52,-28.7,64.4,59.0,40.0,11.41,1603043639
381,haines junction,ca,57.73,-138.74,60.75,-137.51,21.02,79.0,82.0,1.41,1603043653
382,busselton,au,-40.92,106.95,-33.65,115.33,60.01,50.0,3.0,9.48,1603043627
383,marzuq,ly,25.34,14.42,14.4,46.47,70.88,22.0,0.0,1.3,1603043654
384,vaini,to,-32.57,-174.01,-21.2,-175.2,69.8,88.0,75.0,10.29,1603043630
385,dalton,us,34.73,-85.13,34.77,-84.97,69.8,40.0,1.0,9.17,1603043654
386,norman wells,ca,65.4,-121.01,65.28,-126.83,6.8,92.0,40.0,5.82,1603043627
387,vaitape,pf,-18.09,-153.35,-16.52,-151.75,79.5,81.0,21.0,9.33,1603043654
388,carroll,us,41.85,-95.45,39.55,-77.02,63.0,52.0,55.0,1.01,1603043645
389,castro,cl,-43.84,-104.63,-24.79,-50.01,71.51,67.0,100.0,7.72,1603043636
390,butaritari,ki,14.73,163.47,3.07,172.79,81.68,72.0,95.0,17.56,1603043630
391,jinxiang,cn,26.91,121.02,27.43,120.61,66.22,78.0,98.0,11.39,1603043654
392,clyde river,ca,68.04,-81.1,70.47,-68.59,21.2,85.0,20.0,4.7,1603043653
393,georgetown,sh,-15.36,-14.41,5.41,100.34,82.4,88.0,20.0,6.06,1603043629
394,nelson bay,au,-36.0,156.14,-32.72,152.15,62.6,88.0,90.0,14.99,1603043654
395,bredasdorp,za,-78.81,26.71,-34.53,20.04,62.6,72.0,66.0,5.82,1603043626
397,puerto ayora,ec,-10.34,-109.03,-0.74,-90.35,77.0,73.0,75.0,16.11,1603043629
398,evensk,ru,64.26,161.24,61.95,159.23,34.18,92.0,100.0,2.39,1603043655
399,atuona,pf,-15.44,-134.81,-9.8,-139.03,77.9,77.0,13.0,18.05,1603043626
400,ushuaia,ar,-82.93,-34.88,-54.8,-68.3,46.4,63.0,40.0,18.34,1603043635
401,luwuk,id,-2.12,122.08,-0.95,122.79,77.14,77.0,99.0,3.96,1603043644
403,cayenne,gf,12.71,-46.78,4.93,-52.33,89.6,59.0,40.0,10.29,1603043655
404,kargasok,ru,61.31,80.42,59.06,80.86,29.37,95.0,100.0,17.43,1603043655
405,berlevag,no,81.3,30.66,70.86,29.09,30.2,92.0,20.0,1.12,1603043655
406,rikitea,pf,-20.33,-113.98,-23.12,-134.97,74.89,79.0,68.0,21.18,1603043632
407,port alfred,za,-85.77,42.58,-33.59,26.89,62.62,80.0,50.0,8.25,1603043637
408,clyde river,ca,68.7,-80.2,70.47,-68.59,21.2,85.0,20.0,4.7,1603043653
409,gwadar,pk,25.47,62.54,25.12,62.33,81.7,24.0,0.0,19.19,1603043655
410,gelemso,et,8.42,40.2,8.82,40.52,62.33,54.0,14.0,2.73,1603043655
411,constitucion,mx,11.02,-127.22,-35.33,-72.42,59.7,55.0,0.0,16.55,1603043656
412,atuona,pf,9.04,-134.2,-9.8,-139.03,77.9,77.0,13.0,18.05,1603043626
413,kenai,us,60.98,-151.73,60.55,-151.26,32.0,95.0,90.0,5.82,1603043400
414,busselton,au,-73.45,84.79,-33.65,115.33,60.01,50.0,3.0,9.48,1603043627
415,nanortalik,gl,50.25,-39.13,60.14,-45.24,40.3,95.0,83.0,8.19,1603043656
416,thompson,ca,59.88,-100.26,55.74,-97.86,26.6,92.0,90.0,6.93,1603043641
417,lindi,tz,-8.95,40.29,-10.0,39.72,75.2,88.0,20.0,11.41,1603043656
418,arraial do cabo,br,-33.06,-35.26,-22.97,-42.03,77.0,69.0,40.0,18.34,1603043656
419,narsaq,gl,88.08,-58.85,60.92,-46.05,41.0,91.0,51.0,3.36,1603043656
420,homer,us,60.18,-154.81,59.64,-151.55,39.99,93.0,90.0,2.15,1603043540
421,sept-iles,ca,53.64,-66.02,50.2,-66.38,46.4,75.0,40.0,4.7,1603043656
422,hermanus,za,-74.09,-1.23,-34.42,19.23,62.01,76.0,61.0,5.08,1603043629
424,busselton,au,-53.27,99.22,-33.65,115.33,60.01,50.0,3.0,9.48,1603043627
425,rikitea,pf,-50.39,-123.45,-23.12,-134.97,74.89,79.0,68.0,21.18,1603043632
426,nome,us,67.52,-164.8,64.5,-165.41,39.2,86.0,90.0,10.29,1603043372
427,cape town,za,-60.76,-11.12,-33.93,18.42,63.0,72.0,20.0,14.99,1603043340
428,hermanus,za,-65.67,15.07,-34.42,19.23,62.01,76.0,61.0,5.08,1603043629
429,encruzilhada,br,-15.48,-41.07,-15.53,-40.91,78.3,55.0,88.0,8.34,1603043657
430,tiznit,ma,26.49,-9.93,29.58,-9.5,72.64,32.0,100.0,3.09,1603043657
431,thompson,ca,67.52,-101.51,55.74,-97.86,26.6,92.0,90.0,6.93,1603043641
432,hilo,us,31.22,-146.03,19.73,-155.09,73.4,69.0,75.0,5.82,1603043463
434,mar del plata,ar,-58.26,-40.04,-38.0,-57.56,78.8,74.0,55.0,6.93,1603043645
435,kuminskiy,ru,58.88,66.71,58.67,66.57,29.86,97.0,81.0,7.31,1603043657
436,torbay,ca,38.35,-51.4,47.67,-52.73,59.0,77.0,40.0,9.17,1603043637
437,mahibadhoo,mv,4.23,68.68,3.78,72.97,82.6,78.0,36.0,13.44,1603043657
438,kosonsoy,uz,41.74,71.92,41.26,71.55,57.2,47.0,0.0,6.93,1603043658
439,punta arenas,cl,-65.52,-114.97,-53.15,-70.92,46.4,65.0,75.0,24.16,1603043525
440,yellowknife,ca,75.09,-106.18,62.46,-114.35,28.0,92.0,90.0,6.93,1603043547
441,nyalikungu,tz,-3.24,33.71,-3.18,33.78,81.32,32.0,67.0,6.44,1603043658
442,longyearbyen,sj,85.75,15.94,78.22,15.64,26.6,79.0,40.0,11.41,1603043629
443,omagh,gb,54.5,-7.2,54.6,-7.3,51.8,76.0,42.0,1.12,1603043646
444,sur,om,19.08,60.25,22.57,59.53,84.83,25.0,0.0,12.21,1603043633
445,reitz,za,-27.96,28.75,-27.8,28.43,73.15,21.0,29.0,7.92,1603043658
446,tasiilaq,gl,73.65,-34.34,65.61,-37.64,33.8,74.0,35.0,17.22,1603043659
447,dindori,in,23.11,80.77,22.95,81.08,71.06,80.0,0.0,2.95,1603043659
448,qaanaaq,gl,79.58,-93.24,77.48,-69.36,31.84,92.0,94.0,8.59,1603043640
449,alofi,nu,-26.14,-168.7,-19.06,-169.92,77.0,94.0,89.0,3.36,1603043502
450,sokoni,tz,-6.33,40.93,-6.43,39.55,80.6,74.0,20.0,5.82,1603043659
451,san carlos de bariloche,ar,-40.82,-69.7,-41.15,-71.31,53.6,37.0,20.0,34.45,1603043403
452,hofn,is,62.34,-13.93,64.25,-15.21,42.8,70.0,75.0,12.75,1603043659
453,hobart,au,-89.34,135.18,-42.88,147.33,48.2,70.0,40.0,5.82,1603043555
455,yumen,cn,37.56,95.82,40.28,97.2,45.16,43.0,63.0,16.75,1603043659
456,george town,ky,18.59,-81.66,5.41,100.34,82.4,88.0,20.0,6.06,1603043659
457,puerto ayora,ec,-8.07,-104.77,-0.74,-90.35,77.0,73.0,75.0,16.11,1603043629
458,kapaa,us,37.61,-156.44,22.08,-159.32,78.8,88.0,75.0,8.05,1603043632
459,rikitea,pf,-56.25,-132.97,-23.12,-134.97,74.89,79.0,68.0,21.18,1603043632
460,walvis bay,na,-25.98,3.69,-22.96,14.51,64.4,72.0,0.0,5.82,1603043660
461,yellowknife,ca,73.23,-104.31,62.46,-114.35,28.0,92.0,90.0,6.93,1603043547
462,bluff,nz,-82.65,159.6,-46.6,168.33,46.99,93.0,100.0,2.8,1603043626
463,mount gambier,au,-53.1,131.49,-37.83,140.77,48.2,100.0,90.0,6.93,1603043639
464,vaini,to,-60.92,-173.23,-21.2,-175.2,69.8,88.0,75.0,10.29,1603043630
466,vostok,ru,48.77,149.37,46.49,135.88,22.84,93.0,1.0,3.62,1603043660
467,rikitea,pf,-55.93,-140.3,-23.12,-134.97,74.89,79.0,68.0,21.18,1603043632
468,saskylakh,ru,75.39,120.95,71.92,114.08,19.09,97.0,97.0,5.64,1603043626
469,albany,au,-66.49,106.57,42.6,-73.97,61.0,35.0,93.0,4.0,1603043403
470,albany,au,-83.08,120.04,42.6,-73.97,61.0,35.0,93.0,4.0,1603043403
471,ruteng,id,-9.0,120.56,-8.61,120.47,63.19,100.0,42.0,2.42,1603043419
472,ribeira grande,pt,28.47,-38.95,38.52,-28.7,64.4,59.0,40.0,11.41,1603043639
473,bluff,nz,-65.66,154.19,-46.6,168.33,46.99,93.0,100.0,2.8,1603043626
474,taoudenni,ml,22.99,-1.21,22.68,-3.98,89.76,16.0,0.0,8.05,1603043628
475,linhares,br,-20.1,-37.44,-19.39,-40.07,77.4,57.0,97.0,8.28,1603043624
476,katsuura,jp,27.35,145.94,35.13,140.3,57.2,82.0,20.0,9.17,1603043661
477,kavieng,pg,-3.41,150.02,-2.57,150.8,81.97,76.0,28.0,10.6,1603043661
478,thompson,ca,62.19,-99.61,55.74,-97.86,26.6,92.0,90.0,6.93,1603043641
479,narsaq,gl,85.35,-59.28,60.92,-46.05,41.0,91.0,51.0,3.36,1603043656
480,vao,nc,-26.83,170.76,-22.67,167.48,70.81,80.0,32.0,17.76,1603043661
481,comodoro rivadavia,ar,-47.86,-63.09,-45.87,-67.5,68.0,18.0,20.0,32.21,1603043552
482,kavieng,pg,1.14,153.19,-2.57,150.8,81.97,76.0,28.0,10.6,1603043661
483,barabai,id,-3.54,116.0,-2.58,115.38,74.68,94.0,72.0,0.98,1603043661
484,kodiak,us,41.16,-160.21,57.79,-152.41,42.8,75.0,75.0,7.14,1603043629
485,essex,ca,42.22,-82.72,40.78,-74.22,64.99,51.0,75.0,13.87,1603043505
486,kurchatov,ru,51.7,35.72,51.66,35.65,41.0,75.0,90.0,13.42,1603043662
487,marawi,sd,20.81,28.24,8.0,124.29,75.0,94.0,97.0,5.99,1603043662
488,upernavik,gl,74.78,-53.66,72.79,-56.15,33.33,90.0,33.0,9.04,1603043644
489,mataura,pf,-85.85,-150.86,-46.19,168.86,46.99,93.0,100.0,1.01,1603043627
490,falam,mm,23.14,94.09,22.92,93.68,60.76,100.0,100.0,1.16,1603043662
491,pangnirtung,ca,66.03,-67.65,66.15,-65.71,48.2,81.0,90.0,17.22,1603043634
492,mataura,pf,-75.84,-145.47,-46.19,168.86,46.99,93.0,100.0,1.01,1603043627
493,cidreira,br,-49.45,-30.56,-30.18,-50.21,71.69,70.0,92.0,17.76,1603043662
494,barrow,us,87.38,-159.71,71.29,-156.79,21.2,79.0,75.0,14.99,1603043402
495,santa maria,cv,17.9,-22.32,-29.68,-53.81,87.28,41.0,0.0,3.53,1603043488
496,san lorenzo,bo,-20.95,-64.62,-25.33,-57.53,96.8,32.0,20.0,5.82,1603043554
497,punta arenas,cl,-63.29,-81.76,-53.15,-70.92,46.4,65.0,75.0,24.16,1603043525
498,kaitangata,nz,-77.81,178.72,-46.28,169.85,48.99,91.0,100.0,1.77,1603043652
499,khanpur,pk,28.79,70.85,28.65,70.66,77.27,17.0,1.0,5.21,1603043663
500,kimbe,pg,-5.78,150.73,-5.55,150.14,75.06,93.0,100.0,1.97,1603043663
501,victoria,sc,-8.54,52.52,22.29,114.16,75.0,78.0,72.0,14.88,1603043374
503,barrow,us,73.53,-148.64,71.29,-156.79,21.2,79.0,75.0,14.99,1603043402
504,russell,nz,-30.36,177.42,32.35,-85.2,75.2,60.0,40.0,8.05,1603043663
505,husavik,is,68.41,-17.53,66.04,-17.34,41.0,93.0,90.0,17.22,1603043663
506,kavieng,pg,11.41,155.22,-2.57,150.8,81.97,76.0,28.0,10.6,1603043661
507,port elizabeth,za,-66.56,32.11,-33.92,25.57,60.8,82.0,25.0,11.41,1603043640
508,arraial do cabo,br,-33.98,-25.46,-22.97,-42.03,77.0,69.0,40.0,18.34,1603043656
509,atuona,pf,-1.21,-121.41,-9.8,-139.03,77.9,77.0,13.0,18.05,1603043626
510,homer,us,57.48,-148.9,59.64,-151.55,39.99,93.0,90.0,2.15,1603043540
511,thompson,ca,57.47,-93.8,55.74,-97.86,26.6,92.0,90.0,6.93,1603043641
512,novoagansk,ru,62.6,78.55,61.94,76.66,27.19,95.0,82.0,15.43,1603043663
513,kapaa,us,33.98,-159.59,22.08,-159.32,78.8,88.0,75.0,8.05,1603043632
514,saskylakh,ru,72.18,114.76,71.92,114.08,19.09,97.0,97.0,5.64,1603043626
515,port alfred,za,-84.48,46.66,-33.59,26.89,62.62,80.0,50.0,8.25,1603043637
516,jamestown,sh,-19.15,-4.8,42.1,-79.24,59.0,43.0,1.0,13.87,1603043627
517,inongo,cd,-1.12,18.36,-1.95,18.27,76.17,81.0,31.0,2.77,1603043664
518,lebu,cl,-29.41,-97.46,-37.62,-73.65,55.76,62.0,0.0,8.61,1603043637
519,derzhavinsk,kz,50.28,66.01,51.1,66.32,39.25,64.0,0.0,7.72,1603043664
520,hobart,au,-80.43,148.96,-42.88,147.33,48.2,70.0,40.0,5.82,1603043555
521,nikolskoye,ru,38.96,168.3,59.7,30.79,36.0,93.0,90.0,4.47,1603043664
522,cape town,za,-39.59,13.11,-33.93,18.42,63.0,72.0,20.0,14.99,1603043340
523,mar del plata,ar,-74.15,-18.77,-38.0,-57.56,78.8,74.0,55.0,6.93,1603043645
524,tuatapere,nz,-50.96,161.83,-46.13,167.68,46.99,93.0,100.0,1.36,1603043653
525,ushuaia,ar,-89.2,-32.3,-54.8,-68.3,46.4,63.0,40.0,18.34,1603043635
526,avarua,ck,-44.92,-167.3,-21.21,-159.78,73.4,83.0,81.0,5.82,1603043628
527,mataura,pf,-73.57,-146.4,-46.19,168.86,46.99,93.0,100.0,1.01,1603043627
528,port alfred,za,-81.98,46.85,-33.59,26.89,62.62,80.0,50.0,8.25,1603043637
529,progreso,mx,22.75,-90.36,21.28,-89.67,91.0,66.0,75.0,12.17,1603043606
530,punta arenas,cl,-74.13,-112.93,-53.15,-70.92,46.4,65.0,75.0,24.16,1603043525
531,nishihara,jp,21.94,133.73,26.18,127.76,77.0,88.0,40.0,9.17,1603043665
533,jamestown,sh,-24.84,-0.81,42.1,-79.24,59.0,43.0,1.0,13.87,1603043627
534,san vicente,ph,19.27,124.78,-26.62,-54.13,90.27,27.0,1.0,3.33,1603043665
535,georgetown,sh,-20.1,-23.48,5.41,100.34,82.4,88.0,20.0,6.06,1603043629
536,saint-philippe,re,-75.23,75.31,-21.36,55.77,73.4,69.0,29.0,5.82,1603043627
537,hithadhoo,mv,-6.72,71.87,-0.6,73.08,83.57,77.0,100.0,16.06,1603043627
538,rikitea,pf,-18.41,-131.15,-23.12,-134.97,74.89,79.0,68.0,21.18,1603043632
539,mount gambier,au,-39.15,140.42,-37.83,140.77,48.2,100.0,90.0,6.93,1603043639
540,ushuaia,ar,-83.86,-79.57,-54.8,-68.3,46.4,63.0,40.0,18.34,1603043635
541,carnarvon,au,-26.09,100.08,-24.87,113.63,69.8,83.0,75.0,12.75,1603043665
542,katsina,ng,12.54,7.83,12.99,7.6,89.62,20.0,0.0,5.23,1603043665
543,hithadhoo,mv,-7.2,79.42,-0.6,73.08,83.57,77.0,100.0,16.06,1603043627
544,urubicha,bo,-15.05,-62.43,-15.38,-62.95,102.69,21.0,29.0,5.86,1603043665
545,leningradskiy,ru,71.13,175.96,69.38,178.42,22.1,86.0,0.0,6.22,1603043666
546,auki,sb,-6.09,164.09,-8.77,160.7,78.06,81.0,53.0,3.67,1603043666
547,ponte san pietro,it,45.8,9.55,45.7,9.58,52.0,87.0,2.0,1.12,1603043666
548,kathu,za,-27.5,22.54,7.92,98.33,82.99,94.0,20.0,8.21,1603043666
549,hobart,au,-47.65,153.67,-42.88,147.33,48.2,70.0,40.0,5.82,1603043555
550,barrow,us,78.52,-149.55,71.29,-156.79,21.2,79.0,75.0,14.99,1603043402
551,krasnoselkup,ru,64.65,81.18,65.7,82.47,17.06,96.0,100.0,18.54,1603043629
552,san patricio,mx,0.13,-114.03,28.02,-97.52,89.01,48.0,20.0,14.99,1603043666
554,pitimbu,br,-7.78,-31.3,-7.47,-34.81,86.0,55.0,40.0,14.99,1603043666
555,bambous virieux,mu,-28.31,81.88,-20.34,57.76,75.2,69.0,40.0,8.05,1603043634
556,albany,au,-80.72,115.29,42.6,-73.97,61.0,35.0,93.0,4.0,1603043403
557,khatanga,ru,80.28,101.61,71.97,102.5,7.25,86.0,11.0,8.16,1603043647
558,pochutla,mx,8.15,-96.43,15.74,-96.47,91.99,55.0,40.0,5.37,1603043667
559,ribeira grande,pt,30.75,-39.52,38.52,-28.7,64.4,59.0,40.0,11.41,1603043639
560,saldanha,za,-38.54,6.93,-33.01,17.94,62.6,67.0,38.0,11.41,1603043638
561,yellowknife,ca,82.98,-101.77,62.46,-114.35,28.0,92.0,90.0,6.93,1603043547
562,qaanaaq,gl,85.33,-84.29,77.48,-69.36,31.84,92.0,94.0,8.59,1603043640
563,busselton,au,-48.71,104.02,-33.65,115.33,60.01,50.0,3.0,9.48,1603043627
564,luderitz,na,-37.75,-2.24,-26.65,15.16,68.13,45.0,0.0,21.97,1603043641
565,jamestown,sh,-30.84,-13.6,42.1,-79.24,59.0,43.0,1.0,13.87,1603043627
566,atuona,pf,5.56,-125.08,-9.8,-139.03,77.9,77.0,13.0,18.05,1603043626
567,port blair,in,9.65,93.2,11.67,92.75,80.96,83.0,100.0,13.98,1603043667
569,guhagar,in,16.54,69.52,17.48,73.19,76.98,86.0,70.0,1.1,1603043667
570,ushuaia,ar,-57.0,-54.7,-54.8,-68.3,46.4,63.0,40.0,18.34,1603043635
571,mar del plata,ar,-45.81,-53.51,-38.0,-57.56,78.8,74.0,55.0,6.93,1603043645
572,jamestown,sh,-25.26,-9.46,42.1,-79.24,59.0,43.0,1.0,13.87,1603043627
573,saint-philippe,re,-60.55,75.21,-21.36,55.77,73.4,69.0,29.0,5.82,1603043627
574,busselton,au,-69.67,84.06,-33.65,115.33,60.01,50.0,3.0,9.48,1603043627
575,airai,pw,10.26,143.15,-8.93,125.41,60.82,71.0,28.0,2.1,1603043668
576,podgornaya,ru,44.3,43.45,44.2,43.43,59.0,62.0,26.0,3.36,1603043668
577,qaanaaq,gl,72.89,-86.73,77.48,-69.36,31.84,92.0,94.0,8.59,1603043640
578,barrow,us,88.51,-159.13,71.29,-156.79,21.2,79.0,75.0,14.99,1603043402
579,mataura,pf,-39.14,-150.33,-46.19,168.86,46.99,93.0,100.0,1.01,1603043627
580,albany,au,-84.22,102.95,42.6,-73.97,61.0,35.0,93.0,4.0,1603043403
581,punta arenas,cl,-85.09,-109.41,-53.15,-70.92,46.4,65.0,75.0,24.16,1603043525
582,show low,us,34.48,-110.48,34.25,-110.03,73.4,11.0,1.0,5.82,1603043668
583,fortuna,us,34.53,-134.18,40.6,-124.16,60.01,93.0,1.0,5.82,1603043668
584,albany,au,-87.96,100.55,42.6,-73.97,61.0,35.0,93.0,4.0,1603043403
585,garowe,so,8.86,46.84,8.41,48.48,82.29,55.0,23.0,13.13,1603043668
586,bogatoye,ru,53.07,51.15,53.06,51.33,54.3,67.0,100.0,12.75,1603043668
587,tiksi,ru,74.94,128.95,71.69,128.87,18.54,96.0,100.0,17.22,1603043638
588,avarua,ck,-29.03,-161.66,-21.21,-159.78,73.4,83.0,81.0,5.82,1603043628
589,mar del plata,ar,-40.05,-52.92,-38.0,-57.56,78.8,74.0,55.0,6.93,1603043645
590,rikitea,pf,-17.68,-134.85,-23.12,-134.97,74.89,79.0,68.0,21.18,1603043632
591,mar del plata,ar,-56.23,-38.1,-38.0,-57.56,78.8,74.0,55.0,6.93,1603043645
592,saint-louis,re,-22.17,54.53,16.33,-15.0,104.0,24.0,0.0,8.5,1603043669
593,avarua,ck,-16.34,-162.51,-21.21,-159.78,73.4,83.0,81.0,5.82,1603043628
594,talmenka,ru,53.83,83.62,53.82,83.57,35.6,51.0,55.0,13.42,1603043669
595,bluff,nz,-74.27,153.02,-46.6,168.33,46.99,93.0,100.0,2.8,1603043626
596,ormoz,si,46.47,16.1,46.41,16.15,48.0,93.0,13.0,2.24,1603043669
597,ushuaia,ar,-58.05,-55.83,-54.8,-68.3,46.4,63.0,40.0,18.34,1603043635
598,pacific grove,us,27.49,-137.78,36.62,-121.92,66.2,52.0,1.0,3.36,1603043669
599,mahebourg,mu,-47.06,77.3,-20.41,57.7,75.2,69.0,40.0,8.05,1603043641
